Workbook

Sheet Monthly Budget
A1: Category | B1: Jan | C1: Feb | D1: Mar | E1: Apr | F1: May | G1: Jun | H1: Jul | I1: Aug | J1: Sep | K1: Oct | L1: Nov | M1: Dec | N1: Total | O1: Average
A2: Salaries | B2: 8314.13 | C2: 8950.77 | D2: 8980.34 | E2: 7832.55 | F2: 7499 | G2: 8701.98 | H2: 8140.39 | I2: 8398.27 | J2: 8483.3 | K2: 8493.35 | L2: 7479.5 | M2: 8084.85 | N2: =SUM(B2:M2) | O2: =AVERAGE(B2:M2)
A3: Rent | B3: 2102.65 | C3: 2103.68 | D3: 2253.19 | E3: 2233.41 | F3: 2332.79 | G3: 2180.15 | H3: 2166.07 | I3: 2089.82 | J3: 2162.93 | K3: 2077.47 | L3: 2314.09 | M3: 2236.14 | N3: =SUM(B3:M3) | O3: =AVERAGE(B3:M3)
A4: Utilities | B4: 7417.93 | C4: 6798.93 | D4: 7195.57 | E4: 7705.98 | F4: 6531.62 | G4: 6642.95 | H4: 7359.32 | I4: 7728.37 | J4: 7752.85 | K4: 7142.79 | L4: 7094.87 | M4: 6877.37 | N4: =SUM(B4:M4) | O4: =AVERAGE(B4:M4)
A5: Marketing | B5: 4375.54 | C5: 4917.97 | D5: 4722.48 | E5: 4510.62 | F5: 5028.98 | G5: 4873.67 | H5: 4382.05 | I5: 4561.4 | J5: 4231.23 | K5: 4594.64 | L5: 4456.76 | M5: 4585.95 | N5: =SUM(B5:M5) | O5: =AVERAGE(B5:M5)
A6: Office Supplies | B6: 8302.86 | C6: 8384.53 | D6: 8418.86 | E6: 8039.21 | F6: 7385.41 | G6: 7984.11 | H6: 7692.16 | I6: 8313.65 | J6: 8035.47 | K6: 7545.28 | L6: 8455.51 | M6: 7936.86 | N6: =SUM(B6:M6) | O6: =AVERAGE(B6:M6)
A7: Travel | B7: 13659.38 | C7: 14048.72 | D7: 12851.65 | E7: 12398.22 | F7: 13994.34 | G7: 13657.74 | H7: 13318.51 | I7: 12536.02 | J7: 13560.81 | K7: 12608.59 | L7: 12363.43 | M7: 14396.41 | N7: =SUM(B7:M7) | O7: =AVERAGE(B7:M7)
A8: IT Services | B8: 10649.74 | C8: 10457.26 | D8: 9242.59 | E8: 10133.62 | F8: 10451.97 | G8: 10432.01 | H8: 9599.24 | I8: 10930.68 | J8: 10669.83 | K8: 9267.77 | L8: 10662.79 | M8: 10017.58 | N8: =SUM(B8:M8) | O8: =AVERAGE(B8:M8)
A9: Insurance | B9: 7832.62 | C9: 8489.99 | D9: 7567.48 | E9: 7751.12 | F9: 7485.5 | G9: 7198.86 | H9: 7070.83 | I9: 7855.83 | J9: 7450.39 | K9: 8142.06 | L9: 7248.86 | M9: 7698.65 | N9: =SUM(B9:M9) | O9: =AVERAGE(B9:M9)
A10: Miscellaneous | B10: 14247.09 | C10: 15688.21 | D10: 15070.44 | E10: 14893.19 | F10: 14503.46 | G10: 15748.31 | H10: 14551.93 | I10: 14368.93 | J10: 13849.19 | K10: 14636.2 | L10: 14681.17 | M10: 13292.37 | N10: =SUM(B10:M10) | O10: =AVERAGE(B10:M10)
A11: TOTAL | B11: =SUM(B2:B10) | C11: =SUM(B2:B10) | D11: =SUM(B2:B10) | E11: =SUM(B2:B10) | F11: =SUM(B2:B10) | G11: =SUM(B2:B10) | H11: =SUM(B2:B10) | I11: =SUM(B2:B10) | J11: =SUM(B2:B10) | K11: =SUM(B2:B10) | L11: =SUM(B2:B10) | M11: =SUM(B2:B10) | N11: =SUM(N2:N10) | O11: =AVERAGE(B11:M11)

Sheet Quarterly Summary
A1: Category | B1: Q1 | C1: Q2 | D1: Q3 | E1: Q4 | F1: Total
A2: Salaries | B2: =SUM('Monthly Budget'!B2:D2) | C2: =SUM('Monthly Budget'!E2:G2) | D2: =SUM('Monthly Budget'!H2:J2) | E2: =SUM('Monthly Budget'!K2:M2) | F2: =SUM(B3:E3)
A3: Rent | B3: =SUM('Monthly Budget'!B3:D3) | C3: =SUM('Monthly Budget'!E3:G3) | D3: =SUM('Monthly Budget'!H3:J3) | E3: =SUM('Monthly Budget'!K3:M3) | F3: =SUM(B4:E4)
A4: Utilities | B4: =SUM('Monthly Budget'!B4:D4) | C4: =SUM('Monthly Budget'!E4:G4) | D4: =SUM('Monthly Budget'!H4:J4) | E4: =SUM('Monthly Budget'!K4:M4) | F4: =SUM(B5:E5)
A5: Marketing | B5: =SUM('Monthly Budget'!B5:D5) | C5: =SUM('Monthly Budget'!E5:G5) | D5: =SUM('Monthly Budget'!H5:J5) | E5: =SUM('Monthly Budget'!K5:M5) | F5: =SUM(B6:E6)
A6: Office Supplies | B6: =SUM('Monthly Budget'!B6:D6) | C6: =SUM('Monthly Budget'!E6:G6) | D6: =SUM('Monthly Budget'!H6:J6) | E6: =SUM('Monthly Budget'!K6:M6) | F6: =SUM(B7:E7)
A7: Travel | B7: =SUM('Monthly Budget'!B7:D7) | C7: =SUM('Monthly Budget'!E7:G7) | D7: =SUM('Monthly Budget'!H7:J7) | E7: =SUM('Monthly Budget'!K7:M7) | F7: =SUM(B8:E8)
A8: IT Services | B8: =SUM('Monthly Budget'!B8:D8) | C8: =SUM('Monthly Budget'!E8:G8) | D8: =SUM('Monthly Budget'!H8:J8) | E8: =SUM('Monthly Budget'!K8:M8) | F8: =SUM(B9:E9)
A9: Insurance | B9: =SUM('Monthly Budget'!B9:D9) | C9: =SUM('Monthly Budget'!E9:G9) | D9: =SUM('Monthly Budget'!H9:J9) | E9: =SUM('Monthly Budget'!K9:M9) | F9: =SUM(B10:E10)
A10: Miscellaneous | B10: =SUM('Monthly Budget'!B10:D10) | C10: =SUM('Monthly Budget'!E10:G10) | D10: =SUM('Monthly Budget'!H10:J10) | E10: =SUM('Monthly Budget'!K10:M10) | F10: =SUM(B11:E11)

Sheet Budget vs Actual
A1: Category | B1: Budgeted | C1: Actual | D1: Variance | E1: % Variance
A2: Salaries | B2: ='Monthly Budget'!N2 | C2: 104632.13 | D2: =C2-B2 | E2: =D2/B2
A3: Rent | B3: ='Monthly Budget'!N3 | C3: 97163.12 | D3: =C3-B3 | E3: =D3/B3
A4: Utilities | B4: ='Monthly Budget'!N4 | C4: 44675.35 | D4: =C4-B4 | E4: =D4/B4
A5: Marketing | B5: ='Monthly Budget'!N5 | C5: 140960.66 | D5: =C5-B5 | E5: =D5/B5
A6: Office Supplies | B6: ='Monthly Budget'!N6 | C6: 89528.72 | D6: =C6-B6 | E6: =D6/B6
A7: Travel | B7: ='Monthly Budget'!N7 | C7: 141231.49 | D7: =C7-B7 | E7: =D7/B7
A8: IT Services | B8: ='Monthly Budget'!N8 | C8: 146736.25 | D8: =C8-B8 | E8: =D8/B8
A9: Insurance | B9: ='Monthly Budget'!N9 | C9: 41325.62 | D9: =C9-B9 | E9: =D9/B9
A10: Miscellaneous | B10: ='Monthly Budget'!N10 | C10: 97626.74 | D10: =C10-B10 | E10: =D10/B10
