Workbook

Sheet Employee Directory
A1: Employee ID | B1: First Name | C1: Last Name | D1: Email | E1: Department | F1: Position | G1: Hire Date | H1: Salary | I1: Status
A2: EMP1001 | B2: Elizabeth | C2: Rodriguez | D2: elizabeth.rodriguez@company.com | E2: HR | F2: HR Manager | G2: 44469 | H2: 49640.37 | I2: On Leave
A3: EMP1002 | B3: Lisa | C3: Garcia | D3: lisa.garcia@company.com | E3: HR | F3: HR Coordinator | G3: 44614 | H3: 93974.51 | I3: On Leave
A4: EMP1003 | B4: James | C4: Davis | D4: james.davis@company.com | E4: Finance | F4: Accountant | G4: 44053 | H4: 58394.21 | I4: Active
A5: EMP1004 | B5: William | C5: Rodriguez | D5: william.rodriguez@company.com | E5: Finance | F5: Controller | G5: 44858 | H5: 57225.25 | I5: Active
A6: EMP1005 | B6: James | C6: Johnson | D6: james.johnson@company.com | E6: Marketing | F6: Content Writer | G6: 43899 | H6: 108330.8 | I6: Active
A7: EMP1006 | B7: David | C7: Garcia | D7: david.garcia@company.com | E7: Operations | F7: Logistics Coordinator | G7: 45090 | H7: 86351.07 | I7: On Leave
A8: EMP1007 | B8: James | C8: Taylor | D8: james.taylor@company.com | E8: Finance | F8: Accountant | G8: 44731 | H8: 60029.8 | I8: On Leave
A9: EMP1008 | B9: Linda | C9: Lopez | D9: linda.lopez@company.com | E9: Finance | F9: Financial Analyst | G9: 44882 | H9: 116631.09 | I9: Active
A10: EMP1009 | B10: Joseph | C10: Davis | D10: joseph.davis@company.com | E10: Operations | F10: Warehouse Manager | G10: 43913 | H10: 90685.01 | I10: On Leave
A11: EMP1010 | B11: Elizabeth | C11: Williams | D11: elizabeth.williams@company.com | E11: HR | F11: HR Manager | G11: 44030 | H11: 52140.7 | I11: On Leave
A12: EMP1011 | B12: Jane | C12: Wilson | D12: jane.wilson@company.com | E12: Operations | F12: Logistics Coordinator | G12: 44413 | H12: 119452.22 | I12: Active
A13: EMP1012 | B13: David | C13: Gonzalez | D13: david.gonzalez@company.com | E13: Finance | F13: Controller | G13: 44141 | H13: 100691.29 | I13: Active
... A51: EMP1050 | B51: Linda | C51: Miller | D51: linda.miller@company.com | E51: Sales | F51: Sales Rep | G51: 44810 | H51: 47987.22 | I51: Active

Sheet Department Summary
A1: Department | B1: Employee Count | C1: Total Payroll | D1: Average Salary
A2: IT | B2: =COUNTIF('Employee Directory'!E:E,A2) | C2: =SUMIF('Employee Directory'!E:E,A2,'Employee Directory'!H:H) | D2: =C2/B2
A3: Sales | B3: =COUNTIF('Employee Directory'!E:E,A3) | C3: =SUMIF('Employee Directory'!E:E,A3,'Employee Directory'!H:H) | D3: =C3/B3
A4: Marketing | B4: =COUNTIF('Employee Directory'!E:E,A4) | C4: =SUMIF('Employee Directory'!E:E,A4,'Employee Directory'!H:H) | D4: =C4/B4
A5: HR | B5: =COUNTIF('Employee Directory'!E:E,A5) | C5: =SUMIF('Employee Directory'!E:E,A5,'Employee Directory'!H:H) | D5: =C5/B5
A6: Finance | B6: =COUNTIF('Employee Directory'!E:E,A6) | C6: =SUMIF('Employee Directory'!E:E,A6,'Employee Directory'!H:H) | D6: =C6/B6
A7: Operations | B7: =COUNTIF('Employee Directory'!E:E,A7) | C7: =SUMIF('Employee Directory'!E:E,A7,'Employee Directory'!H:H) | D7: =C7/B7

Sheet Salary Bands
A1: Salary Range | B1: Employee Count | C1: Percentage
A2: $0-$50K | B2: =COUNTIFS('Employee Directory'!H:H,">=0",'Employee Directory'!H:H,"<50000") | C2: =B2/SUM(B$2:B$5)
A3: $50K-$70K | B3: =COUNTIFS('Employee Directory'!H:H,">=50000",'Employee Directory'!H:H,"<70000") | C3: =B3/SUM(B$2:B$5)
A4: $70K-$90K | B4: =COUNTIFS('Employee Directory'!H:H,">=70000",'Employee Directory'!H:H,"<90000") | C4: =B4/SUM(B$2:B$5)
A5: $90K+ | B5: =COUNTIF('Employee Directory'!H:H,">=90000") | C5: =B5/SUM(B$2:B$5)
