Workbook

Sheet Sales Data
A1: Date | B1: Product | C1: Category | D1: Quantity | E1: Unit Price | F1: Total | G1: Region | H1: Salesperson
A2: 45686 | B2: Monitor | C2: Electronics | D2: 16 | E2: 113.13 | F2: 1810.08 | G2: West | H2: Jane Doe
A3: 45843 | B3: Monitor | C3: Electronics | D3: 4 | E3: 481.78 | F3: 1927.12 | G3: South | H3: Charlie Brown
A4: 45758 | B4: Monitor | C4: Electronics | D4: 3 | E4: 55.52 | F4: 166.56 | G4: South | H4: Alice Williams
A5: 45929 | B5: Webcam | C5: Electronics | D5: 13 | E5: 444.27 | F5: 5775.51 | G5: South | H5: Bob Johnson
A6: 45678 | B6: Dock | C6: Electronics | D6: 17 | E6: 319.48 | F6: 5431.16 | G6: East | H6: Charlie Brown
A7: 45800 | B7: Webcam | C7: Electronics | D7: 6 | E7: 177.59 | F7: 1065.54 | G7: South | H7: Alice Williams
A8: 45848 | B8: Mouse | C8: Accessories | D8: 3 | E8: 196.31 | F8: 588.93 | G8: South | H8: Bob Johnson
A9: 45871 | B9: Monitor | C9: Electronics | D9: 16 | E9: 369.51 | F9: 5912.16 | G9: West | H9: Bob Johnson
A10: 45803 | B10: Webcam | C10: Electronics | D10: 11 | E10: 220.6 | F10: 2426.6 | G10: West | H10: Alice Williams
A11: 45834 | B11: Dock | C11: Electronics | D11: 12 | E11: 468.25 | F11: 5619 | G11: South | H11: Charlie Brown
A12: 45686 | B12: Monitor | C12: Electronics | D12: 18 | E12: 395.7 | F12: 7122.6 | G12: West | H12: Alice Williams
A13: 45775 | B13: Monitor | C13: Electronics | D13: 18 | E13: 46.24 | F13: 832.32 | G13: North | H13: Jane Doe
... A101: 45746 | B101: Laptop | C101: Electronics | D101: 17 | E101: 465 | F101: 7905 | G101: South | H101: Charlie Brown

Sheet Category Summary
A1: Category | B1: Total Sales | C1: Total Quantity | D1: Average Price
A2: Electronics | B2: =SUMIF('Sales Data'!C:C,A2,'Sales Data'!F:F) | C2: =SUMIF('Sales Data'!C:C,A2,'Sales Data'!D:D) | D2: =B2/C2
A3: Accessories | B3: =SUMIF('Sales Data'!C:C,A3,'Sales Data'!F:F) | C3: =SUMIF('Sales Data'!C:C,A3,'Sales Data'!D:D) | D3: =B3/C3

Sheet Regional Performance
A1: Region | B1: Total Sales | C1: Number of Orders | D1: Average Order Value
A2: North | B2: =SUMIF('Sales Data'!G:G,A2,'Sales Data'!F:F) | C2: =COUNTIF('Sales Data'!G:G,A2) | D2: =B2/C2
A3: South | B3: =SUMIF('Sales Data'!G:G,A3,'Sales Data'!F:F) | C3: =COUNTIF('Sales Data'!G:G,A3) | D3: =B3/C3
A4: East | B4: =SUMIF('Sales Data'!G:G,A4,'Sales Data'!F:F) | C4: =COUNTIF('Sales Data'!G:G,A4) | D4: =B4/C4
A5: West | B5: =SUMIF('Sales Data'!G:G,A5,'Sales Data'!F:F) | C5: =COUNTIF('Sales Data'!G:G,A5) | D5: =B5/C5

Sheet Salesperson Performance
A1: Salesperson | B1: Total Sales | C1: Orders | D1: Avg Order | E1: Top Product
A2: John Smith | B2: =SUMIF('Sales Data'!H:H,A2,'Sales Data'!F:F) | C2: =COUNTIF('Sales Data'!H:H,A2) | D2: =B2/C2 | E2: Laptop
A3: Jane Doe | B3: =SUMIF('Sales Data'!H:H,A3,'Sales Data'!F:F) | C3: =COUNTIF('Sales Data'!H:H,A3) | D3: =B3/C3 | E3: Laptop
A4: Bob Johnson | B4: =SUMIF('Sales Data'!H:H,A4,'Sales Data'!F:F) | C4: =COUNTIF('Sales Data'!H:H,A4) | D4: =B4/C4 | E4: Laptop
A5: Alice Williams | B5: =SUMIF('Sales Data'!H:H,A5,'Sales Data'!F:F) | C5: =COUNTIF('Sales Data'!H:H,A5) | D5: =B5/C5 | E5: Laptop
A6: Charlie Brown | B6: =SUMIF('Sales Data'!H:H,A6,'Sales Data'!F:F) | C6: =COUNTIF('Sales Data'!H:H,A6) | D6: =B6/C6 | E6: Laptop

Sheet Monthly Trends
A1: Month | B1: Total Sales | C1: Orders | D1: Avg Order Value
A2: Jan | B2: 19916.59 | C2: 28 | D2: =B2/C2
A3: Feb | B3: 6231.09 | C3: 28 | D3: =B3/C3
A4: Mar | B4: 6126.48 | C4: 30 | D4: =B4/C4
A5: Apr | B5: 5405.98 | C5: 28 | D5: =B5/C5
A6: May | B6: 7780.38 | C6: 37 | D6: =B6/C6
A7: Jun | B7: 8958.3 | C7: 38 | D7: =B7/C7
A8: Jul | B8: 15330.69 | C8: 21 | D8: =B8/C8
A9: Aug | B9: 18472.63 | C9: 22 | D9: =B9/C9
A10: Sep | B10: 9454.97 | C10: 22 | D10: =B10/C10
A11: Oct | B11: 8754.37 | C11: 40 | D11: =B11/C11
A12: Nov | B12: 17812.79 | C12: 35 | D12: =B12/C12
A13: Dec | B13: 9997.42 | C13: 40 | D13: =B13/C13
