Workbook

Sheet Store Directory
A1: STORE_ID | B1: STORE_NAME | C1: PROVINCE | D1: CITY | E1: ADDRESS | F1: POSTAL_CODE | G1: MANAGER_NAME | H1: PHONE | I1: EMAIL | J1: OPENING_DATE | K1: STATUS
A2: 1 | B2: Vodacom Sandton City | C2: Gauteng | D2: Sandton | E2: Sandton City Shopping Centre | F2: 2196 | G2: Thabo Nkosi | H2: 0821234567 | I2: sandton@vodacom.co.za | J2: 42078 | K2: Active
A3: 2 | B3: Vodacom V&A Waterfront | C3: Western Cape | D3: Cape Town | E3: Victoria Wharf Shopping Centre | F3: 8001 | G3: Lerato Dlamini | H3: 0827654321 | I3: vawaterfront@vodacom.co.za | J3: 41810 | K3: Active
A4: 3 | B4: Vodacom Gateway Durban | C4: KwaZulu-Natal | D4: Durban | E4: Gateway Theatre of Shopping | F4: 4319 | G4: Sipho Radebe | H4: 0823456789 | I4: gateway@vodacom.co.za | J4: 42379 | K4: Active
A5: 4 | B5: Vodacom Menlyn Park | C5: Gauteng | D5: Pretoria | E5: Menlyn Park Shopping Centre | F5: 0181 | G5: Nomsa Khumalo | H5: 0829876543 | I5: menlyn@vodacom.co.za | J5: 42238 | K5: Active
A6: 5 | B6: Vodacom Canal Walk | C6: Western Cape | D6: Cape Town | E6: Canal Walk Shopping Centre | F6: 7441 | G6: Bongani Sithole | H6: 0826543210 | I6: canalwalk@vodacom.co.za | J6: 42780 | K6: Active
A7: 6 | B7: Vodacom Pavilion | C7: KwaZulu-Natal | D7: Durban | E7: The Pavilion Shopping Centre | F7: 3629 | G7: Zanele Mthethwa | H7: 0824567890 | I7: pavilion@vodacom.co.za | J7: 42618 | K7: Active
A8: 7 | B8: Vodacom Mall of Africa | C8: Gauteng | D8: Midrand | E8: Mall of Africa | F8: 1685 | G8: Mandla Zulu | H8: 0828765432 | I8: mallafrica@vodacom.co.za | J8: 43191 | K8: Active
A9: 8 | B9: Vodacom Rosebank Mall | C9: Gauteng | D9: Johannesburg | E9: Rosebank Mall | F9: 2196 | G9: Palesa Mokoena | H9: 0825678901 | I9: rosebank@vodacom.co.za | J9: 41973 | K9: Active
A10: 9 | B10: Vodacom Centurion Mall | C10: Gauteng | D10: Centurion | E10: Centurion Mall | F10: 0157 | G10: Thulani Ngubane | H10: 0827890123 | I10: centurion@vodacom.co.za | J10: 42934 | K10: Active
A11: 10 | B11: Vodacom Tyger Valley | C11: Western Cape | D11: Cape Town | E11: Tyger Valley Shopping Centre | F11: 7530 | G11: Mbali Dube | H11: 0823210987 | I11: tygervalley@vodacom.co.za | J11: 42348 | K11: Active
A12: 11 | B12: Vodacom Eastgate | C12: Gauteng | D12: Johannesburg | E12: Eastgate Shopping Centre | F12: 2090 | G12: Kagiso Mabaso | H12: 0826789012 | I12: eastgate@vodacom.co.za | J12: 42515 | K12: Active
A13: 12 | B13: Vodacom Cresta | C13: Gauteng | D13: Johannesburg | E13: Cresta Shopping Centre | F13: 2194 | G13: Lindiwe Shabalala | H13: 0829012345 | I13: cresta@vodacom.co.za | J13: 42255 | K13: Active
... A16: 15 | B16: Vodacom Woodmead | C16: Gauteng | D16: Johannesburg | E16: Woodmead Retail Park | F16: 2191 | G16: Sello Maloka | H16: 0825432109 | I16: woodmead@vodacom.co.za | J16: 43115 | K16: Active

Sheet Province Summary
A1: Province | B1: Active Stores | C1: First Opening | D1: Latest Opening | E1: Sample Manager
A2: Gauteng | B2: =COUNTIFS('Store Directory'!C:C,A2,'Store Directory'!K:K,"Active") | C2: =MINIFS('Store Directory'!J:J,'Store Directory'!C:C,A2) | D2: =MAXIFS('Store Directory'!J:J,'Store Directory'!C:C,A2) | E2: =INDEX('Store Directory'!G:G,MATCH(A2,'Store Directory'!C:C,0))
A3: KwaZulu-Natal | B3: =COUNTIFS('Store Directory'!C:C,A3,'Store Directory'!K:K,"Active") | C3: =MINIFS('Store Directory'!J:J,'Store Directory'!C:C,A3) | D3: =MAXIFS('Store Directory'!J:J,'Store Directory'!C:C,A3) | E3: =INDEX('Store Directory'!G:G,MATCH(A3,'Store Directory'!C:C,0))
A4: Western Cape | B4: =COUNTIFS('Store Directory'!C:C,A4,'Store Directory'!K:K,"Active") | C4: =MINIFS('Store Directory'!J:J,'Store Directory'!C:C,A4) | D4: =MAXIFS('Store Directory'!J:J,'Store Directory'!C:C,A4) | E4: =INDEX('Store Directory'!G:G,MATCH(A4,'Store Directory'!C:C,0))
A5: TOTAL | B5: =SUM(B2:B4)

Sheet City Coverage
A1: Province | B1: City | C1: Store Count | D1: % of Total Stores
A2: Gauteng | B2: Centurion | C2: 1 | D2: 0.066666667
A3: Gauteng | B3: Johannesburg | C3: 4 | D3: 0.26666667
A4: Gauteng | B4: Midrand | C4: 1 | D4: 0.066666667
A5: Gauteng | B5: Pretoria | C5: 2 | D5: 0.13333333
A6: Gauteng | B6: Sandton | C6: 1 | D6: 0.066666667
A7: KwaZulu-Natal | B7: Durban | C7: 3 | D7: 0.2
A8: Western Cape | B8: Cape Town | C8: 3 | D8: 0.2

Sheet Contacts
A1: Store | B1: Manager | C1: Phone | D1: Email | E1: Province | F1: City
A2: Vodacom Sandton City | B2: Thabo Nkosi | C2: 0821234567 | D2: sandton@vodacom.co.za | E2: Gauteng | F2: Sandton
A3: Vodacom V&A Waterfront | B3: Lerato Dlamini | C3: 0827654321 | D3: vawaterfront@vodacom.co.za | E3: Western Cape | F3: Cape Town
A4: Vodacom Gateway Durban | B4: Sipho Radebe | C4: 0823456789 | D4: gateway@vodacom.co.za | E4: KwaZulu-Natal | F4: Durban
A5: Vodacom Menlyn Park | B5: Nomsa Khumalo | C5: 0829876543 | D5: menlyn@vodacom.co.za | E5: Gauteng | F5: Pretoria
A6: Vodacom Canal Walk | B6: Bongani Sithole | C6: 0826543210 | D6: canalwalk@vodacom.co.za | E6: Western Cape | F6: Cape Town
A7: Vodacom Pavilion | B7: Zanele Mthethwa | C7: 0824567890 | D7: pavilion@vodacom.co.za | E7: KwaZulu-Natal | F7: Durban
A8: Vodacom Mall of Africa | B8: Mandla Zulu | C8: 0828765432 | D8: mallafrica@vodacom.co.za | E8: Gauteng | F8: Midrand
A9: Vodacom Rosebank Mall | B9: Palesa Mokoena | C9: 0825678901 | D9: rosebank@vodacom.co.za | E9: Gauteng | F9: Johannesburg
A10: Vodacom Centurion Mall | B10: Thulani Ngubane | C10: 0827890123 | D10: centurion@vodacom.co.za | E10: Gauteng | F10: Centurion
A11: Vodacom Tyger Valley | B11: Mbali Dube | C11: 0823210987 | D11: tygervalley@vodacom.co.za | E11: Western Cape | F11: Cape Town
A12: Vodacom Eastgate | B12: Kagiso Mabaso | C12: 0826789012 | D12: eastgate@vodacom.co.za | E12: Gauteng | F12: Johannesburg
... A16: Vodacom Woodmead | B16: Sello Maloka | C16: 0825432109 | D16: woodmead@vodacom.co.za | E16: Gauteng | F16: Johannesburg

Sheet Opening Timeline
A1: Store | B1: Province | C1: City | D1: Opening Date | E1: Years Open
A2: Vodacom V&A Waterfront | B2: Western Cape | C2: Cape Town | D2: 41810 | E2: =DATEDIF(D2,TODAY(),"Y")
A3: Vodacom Rosebank Mall | B3: Gauteng | C3: Johannesburg | D3: 41973 | E3: =DATEDIF(D3,TODAY(),"Y")
A4: Vodacom Sandton City | B4: Gauteng | C4: Sandton | D4: 42078 | E4: =DATEDIF(D4,TODAY(),"Y")
A5: Vodacom Menlyn Park | B5: Gauteng | C5: Pretoria | D5: 42238 | E5: =DATEDIF(D5,TODAY(),"Y")
A6: Vodacom Cresta | B6: Gauteng | C6: Johannesburg | D6: 42255 | E6: =DATEDIF(D6,TODAY(),"Y")
A7: Vodacom Tyger Valley | B7: Western Cape | C7: Cape Town | D7: 42348 | E7: =DATEDIF(D7,TODAY(),"Y")
A8: Vodacom Gateway Durban | B8: KwaZulu-Natal | C8: Durban | D8: 42379 | E8: =DATEDIF(D8,TODAY(),"Y")
A9: Vodacom Eastgate | B9: Gauteng | C9: Johannesburg | D9: 42515 | E9: =DATEDIF(D9,TODAY(),"Y")
A10: Vodacom Pavilion | B10: KwaZulu-Natal | C10: Durban | D10: 42618 | E10: =DATEDIF(D10,TODAY(),"Y")
A11: Vodacom Brooklyn Mall | B11: Gauteng | C11: Pretoria | D11: 42655 | E11: =DATEDIF(D11,TODAY(),"Y")
A12: Vodacom Canal Walk | B12: Western Cape | C12: Cape Town | D12: 42780 | E12: =DATEDIF(D12,TODAY(),"Y")
A13: Vodacom Ushaka Marine | B13: KwaZulu-Natal | C13: Durban | D13: 42814 | E13: =DATEDIF(D13,TODAY(),"Y")
... A16: Vodacom Mall of Africa | B16: Gauteng | C16: Midrand | D16: 43191 | E16: =DATEDIF(D16,TODAY(),"Y")

Sheet Status Dashboard
A1: Status | B1: Store Count | C1: % of Portfolio
A2: Active | B2: =COUNTIF('Store Directory'!K:K,A2) | C2: =B2/SUM(B$2:B$2)
A3: TOTAL | B3: =SUM(B2:B2)
A5: Practice Ideas:
A6: - Build slicers using Store Directory as a Table.
A7: - Create pivot charts per province.
A8: - Apply conditional formatting to highlight stores older than 8 years.
